id,name
1,Harmony Bank
2,Golden Grove Bank
3,Tranquil Waters Bank
4,Sunrise Summit Bank
5,Whispering Willow Bank
6,Silver Sands Bank
7,Serenity Shore Bank
8,Aurora Bay Bank
9,Majestic Meadows Bank
10,Evergreen Valley Bank
11,Enchanted Forest Bank
12,Crystal Cove Bank
13,Amber Fields Bank
14,Radiant Horizon Bank
15,Starry Night Bank
16,Sapphire Springs Bank
17,Ember Glow Bank
18,Emerald Heights Bank
19,Peaceful Pines Bank
20,Harbor Haven Bank
21,Sunshine Meadows Bank
22,Gentle Breeze Bank
23,Luminous Lake Bank
24,Tranquil Trails Bank
25,Whispering Brook Bank


